6f093490c9200d999aa30f66110505e06fd9591b	71859edb5252c793d3c59dd12dc83a128db812ed
ac40441de0f74cc5865415e83e35ddc77c8df879	9ba5fdc44e581a1ccf5c6235f5e6148ef84870f6
70c95ab98a00497c7dd2f35754fa6e7b05bbb5ba	863af914f5362e4e7475a0d2cd8e066c4a879e89
91ddb48670f877e344fe366b98850021612b342b	bde2400ccac371035ba49a302c20817db411877d
d98fba21f2e86fc50f3c43ba5b6944216d0f91d3	6780f4dc7e5eb9171318fd200c5c41d20f9b5e30
d363256666d59bacd5d97c9fa3d2baf543f46753	0cf3f711a16f3addbf136b3f003a905c4ab9ae0a
50639e31b2d9e68806478f84b70711620527ed15	53f5e6ffeeb20174af1febe12a12867e356cd0f2
a25d87a2474531e010fb891954c93a7fe524fe2f	123f7f4ab8cd5708b0282bfe284f9af2258c1e8c
1457761cc182864f0b144f6276665075fdf6af0c	1c387dd45b50a17239e0e86c0f74a9eee0c2e0c4
a8abe026f8b3f95400ec85c8dcde3769dd858789	d6ba1a6e4b09a9c5385ac887f6b206b2c5a7bb2b
2df6d80229074039893ef4c03ba69438517795d8	9b369937a259e1f460bd20a3dc451f9c8f57b3f0
1a9e00bb267cf508c5460f2fe0b00e332298094e	368d5967ff6d1098e80fb57825a145e0dac6fd69
57f3388adbd3150c9a4a336877e9abeb76adcf62	6812700c270d18795e10d9a88afc028e7d761f68
54acdd0d5bfe2a70db7d0f3fe89da9b407be7f1f	f862ed36809a072a3dabf93179aff60f08c33870
3568902f9d18e634d21535b18bf87a4613b56f40	c514d1f568d3129c5251874f9839528ad35f142a
b2d5a391e0975704ec0acf2252199b72ef02fadf	b5cdd17d19d30e9fa2a457cb778e88a2aa1e89ef
26fe9804413095ad457c49ecba06dbde566cf139	c004a63a1a7af45ea31c41cb5888d2e08c456abe
63a25a90004b3ac21934cb23b78f4321461706ad	15bf0a282f4d595d2a4513456c69bbff5dafce98
247ba2e2143ea80b9d6f757ed83702faa3258884	9cd66ce23956ab081ee34385b6e6fb325c70c1ac
9b72ef2949abd5db4ba27b2cef44d9479d7e5035	30c864b2547aaa9275f54428d32cc52174a5c7c3
9a7b423d598ac45d028aa4048f84cb05f71e3424	d8b44c4a435d235fc074f61ffee1d6c442e0a6f0
4782dfed838ca57a7efd17672b1e7ae70de9afd1	f271806c3e40dde5f2f0f38f675aa49544533ce5
b60125db21927269c9d1de9d4b333d41881d0f83	8cfad3039ba045a1a2e2060fffc3becc656b1568
6c0977bf19a5051c8e6e9a81a23670e067eb8476	04fbb624778d55718559356c879dfa7b0fb53ba8
368a11a64819178c51c200d345eecbce433d51dc	3a5fe0cbd22f6877045819cde3ff748c5a1312c2
c3fa68df78fd6ab270044597dbb9ac5d26bea4af	6ae620557eda172dbae2c774b86db275c39f6b1e
86138c1f0691dbe9d9ad3b55234b936fd80c1c95	c80ea53d5d6e3c79ba08ef31ebacad0df51b33d1
46f5a596b3e878468b4e99954ebcee2a059be497	00938d16358e0eff250424aee250541863bf65d8
f9d7f3d62f0c1fbf8ba6c975e0eacc09196d12fe	964cb0a5c78bcb2ddf682bc859d98938822aa70f
7572ab4fed259dc1595abfa7bc70d43271dcce7e	143b923370b642a20e6bbc212b272c963cef8480
115ef854cae99946deb7b06dc86513486a58d61d	7551c029e3436a8749f9d1a0e46bb50cb8798dde
eec87453bd2239ad9b99c92d7e6df0f520310d72	f95bbaf2fd80900817acdd318786d94ea03dd5e0
8714e2f9a5d704f77a7f55f7021e3589eadde96a	133808d7ddde85d150d8dae74452db4c6272b3fa
f3001772d658ed31323baad7b011fa0bba8499b3	9bf1da32d9bef1361758254beab948a2248aed7a
67da80f8653f857aade7ee18c871a17dc3cbbd3b	a58f885d0e64f55126d1447c2bcc0dc24628dd34
6de202c1ace977ac2feac0b9f11565c3830dcb33	a4eefb56be33c1ec6ea4a489daf1c7daf222a60a
fac65b496a56c8e3024a34c69dee9d63af5b2f0c	bc53fa257625cda5d4e8e9093201c2b36517a0c8
81bc02cd8c6acdbc2d42a915346a689d32efe91d	f80405b130cf192fe9f0c0e195d3c5e4f6c988b9
cf6d28cce217abbead770d15f02cb7a8b60ae092	da896bada1c3f302ccbc368e13c9e00260e5e90c
1c8d280d97b753bbcaf6b24eae0eca32998b967e	2d8ca9643c34824841b28b2038f12bc895534e74
5e165c383cb36b30af394fb670ef4afdf40ef9fd	d66b8a8f9b7f4c3f9b2ebd6d4c6e1acdf3851a83
b72d5bc83925b0cb509e838a02949dbf896c8e5a	161de14848b089010349464cb82a979d15f4a985
c471bd12817af821d131c1319763b34ccba45bd8	135a62bf136064c18192f1b74d183c9a914be547
0980962fe32b6bfab0ef59184e6dedc105378a18	bd96bb39d9edf4cfcfad9bede97b62822e9ce333
b853a4adc49b8a920d030a21690934079e44b724	87dfacb704a0cfd1894d9d95005d227ea55d863b
2d3bf15f8401ffeb773e561753a9af5da1de811b	0786876df4222a73aa3614c44047e970ae799bfc
b4f56cf8147407dfb769e09b0d45d343706a480f	a284e3787715d7682a3f4f974c7994683d0a2533
01cf7b8de5c6f75573ebe4cc66a1e0418cdfa49c	e4b8d09fa01115b828a6bc4062d63457c4ddaef2
d1f64c52ff9d687e5ab87a485d608d754f1e8361	60ad0132568ee3752276c345105e0539e7b2b557
b14ddba2c82e476c4ffc8741ffbe02bf28a0d838	932c110b6d0d5578b47bbbccbe007479c5ffcfe4
1f66cea364b9861ebb1d3e13d8d008f6cad4807d	5a5a0e2338664c08a06b58bd27a46eb2e44800c9
51168afbe02aefecbbb02c32aa0ddab211fafcca	abc9656e90ccf4333ee8a5031ca6992559ab3c1e
3698efae2c5c3d3cbcb6cfdde155638d01eceaee	5a99ffad8284704480de1f8fa4261d042a55ada7
ee12560cfb2456c570aeeae8fbee970b9d35c167	740b39295799c786ab7d04c56816d0a421921d51
950c5786e6bac3fd481178714d5a5e3480e89d73	643cded40fa9ad1f9345c8336d0bbf33d4636653
e2c2e1a026048725a4de70307fb9bef1d4037b8a	14e64aab1d37a27c520144406b0115f895f678b0
f99530ccaf59ff86a350af711be89301f17605c6	b3c94d2f5d047f1694067be1b69324cf1d14a7c1
de3ce19acbec79a22544da4be7812935260e3cb2	aebe2b654190991314c40ff5dcb63ea7936b916e
221731f985203ad57e496058b2e35936e095ee30	0377ab6832f94a5bc45d5c28acccad17b0d3c4c9
2741ad05456720cc3be5710b39236d291df1cd79	7885afd3796737ea75950417795e863d09a384f2
28928de4d0c5c24f9dc97b03a7326364f0b8cb93	38432ca6a2536b7a3d4634f2fa0f1133e29ecdb4
0ff13a14afab8258ffa6f731823a38c89043954e	d70689a5874decaa4d9ae53bda6a8c7098ce80a5
a1bac7d09ecae6a422dce097d5f86cf080580af2	21c7f7c889b0d0861d5f0b029d8aab963c4f5ca6
cd4371096e4e8c7365a7bdbf5a61076bdb74f31c	773f488d8016bbeb24d7a1d7e48d4ad319c9b8bc
32543a2929b59872ffaabf3296697735b81615c8	9cf0357b20686d8e4d55e941dc60240895a8d533
b7c756ac439745b797271f717c2237fdae9e02c2	232905af256525c8f8468256a830571318547c6c
b2faebb7386563498d9ca6a069e5e790eff98f77	b2a1933f4aebbdff24046356806fe829e5058e84
a67a3be7e75e2dbc0e7f64abe2b4e051c350565e	49931b533bd2db59cc1bd63ef0483d964d62c5a9
8736a92c8e85e5f105d75d526624ce504de2ed20	9baaed61eea452f454855f5e095556f95ee84b34
aab77c98576c5746d13377f428a9819197f21b23	8024a76ea8ddf7f278d0da8eb38f90ce615f379f
37ee092f47e8fbccc9872398d930315a44baf26f	52a0428d0fb1dea8fb22a580d43b4f58548510ad
85c0d7408269b490f6f5d114e2e7100dc2d70b59	846087e9ec9fc7a0e97271227c6fe0ad081cbe4d
615cebb858d15d84f8a9c0c67d58bac37e72828b	66d1a88a3ce636303badb6aac4839121c0cf5f48
41656030766842e27c73becc27411c91981ba4f2	72dcb2f622f9744e1a9e61a3ddb84cf3115cc152
c33ee443bb984a82e3ecd26645f84f9eeb638912	561dc6642833c64c420cf314482a9e184fe7819d
bbd2a0537befc8a331c7b6646eae07f305e0a4fe	6913d36317a89edaa57f2e83086e436001578d87
4683edb4b9b1cfbeea448ffcb5c26ff2c19006d5	614e035d0d53ffe24d3d52bcd71e818da407e047
ffc7d4fb7b26d80a4feb34d9cbe973c5087b90ba	92e344ff10fb964b97ab3a210dd9d4e9a1bf218f
f87438c02e5327b5fd4f1ec6f39e9184bf73d255	0d6939c1b68b5592f61ed7d90496ef23a4cf40bf
22420a0ec30297952afe2f487cad8a77f40330c2	2f33fdac7efbef7dec459ae4950abd74a3524758
c7379ee1b41a3255896ca92707aed1262bda7e95	9f694bf7c9cc3fcb8c719cea908b18a789cae72c
935bcc5bc338634655843f14cec642e80eac5fd1	71f2f53ab4e7d4cd28df7c66ac45ad02295292a9
c9d905414d397b6f83878be90e5128d90d03fe95	f9fbb5c74cac860c02cdf9596ccebc032a935a18
7f227262afc4615fcbf92c679e01a86f443b425a	283a64c9124e960ba2bdba3a95044d9cf2096c63
b1edf3f69e862f9d3a54539f24608b3baf8734a3	bb70f9d3e84fe0cbbe3dd2a835245ded94f34a42
dd131b913e2d4dcf897861cfa906acf1d18471d6	3c2d48b0c5d0a7bb7568cbef8f6f53fa0f793a46
00eecfef8a0ee63b79e96f77ffe9f0211067516f	7253d38840021db843cbcf1414abe9e554018bef
392556715123c4bca3a3895706314545aa459146	6c0f90814dfbc599765235dede2f755c817c9805
70716a0d7a929fac29ac72e534c564d72adf5071	b71d7bac1fb981a9edb19ff64ea00635ea7d5fce
d445a9f718b50596fb1201936853bb93e5825d23	5d7657fed87b09a70d1e2669a70555fd01463f11
70ad0581fdcc7082881b9658a1edf899fbeef533	66b925fb9492fbbcdae7b483cd2eb070b4549926
b8fb27f304fada1da80780e47665b88eec5e0860	0c89258656db543bf3ca59c723ebbe08ec1b3097
33a7dd4e52910fe040ef23cbb41be6d95a82211f	8d3d0082ac8cc71e2159872e7dfa9bc8370124a3
c974742b45f53d10d1f9ac67f78a645b2967f522	1ba9580f81fdede722886108b4afb1e204a8489f
9c20c452272ab350db8d9662a30c0df545cdf964	a6d9c5fecf5fc3ba5c5e6bc20073e11c59c9d602
55e7dbf6c6eeb2e632718553be75a750009a97d5	aaec09a23e5f44657d942d9d308d02eeb012e617
82fba5dfe8691516e1ca885532218f1c42eab513	c0ab4e81ed136644153345c3b3488d5af1516f52
39b6590a7a8acfc47d3a1b8441fd20b779e315a5	c13e77c1ed7f7d2d5b13e05bf4d720e3504e0b6f
512c1325035fff7c7402a7b7e30e9cc840e235d9	afb7f294a06bfd58e2833caf6d2cc1c0188313ac
4f2a484e36679d50fb413f09aeb673e6188b549d	45794e78e49a33767f59c68e8e4bb1ef59f8b2b0
dcf76c74a8f5fb3250bc4ae1add48d65081d850d	7a7710d08fa11e1e348e2eb19a3092414a582328
61289944df54beccdd0aa2a727964ecdd1810291	a8c03e39c6c24ebcc9bf19be43dbf6bf6d5380d9
7528256f80dd9aaf1c4659d5e715659e238266c7	410343b47e174dec1dce20b29892216630a32959
25164c203db7f53e50d183d366f1641a25158741	d1b252e09c3c39cdd9bf4537092c78eb02f1bde7
8cbe29ed15aff7b56790d08f7ca721de05b06538	782512b064f60f6b741d0a9bd83c814218165e71
ecd66b55cd4bdb6867c1dc5ee8748ebf45265468	d8862b365b3ce8f0cf9218ea0dd916111ace3c46
9eeff33a920e7c0c024f762a9e347c61b57b8844	db3ec9bcace3fab4e0b0afdeb20b855128b7d04e
52cd38a6798a99b5b21c2adf91269164bcabf9b1	349f1d114ea66b89919c9c90d851c1834ab30704
96d428406f766307986d0e360b39b272857e8acc	e09ca6d6fe9c132a3d10bdf064a2fad1e7a9a086
e7097932e80f5c2da74e75503989cbc9b2403284	540a516af188ac77db82eeeb947fc0f2fdaa37b3
1f28b768a7b0a16fa0d9b007b1c8c3a0340262fb	03e41afb6d940684efcacb6dcb8e343884f62171
edd043a77d629e4996bf16d62be0fbcf1a17330a	ca79e292080c6f49069add7f787a8f2a88e3e735
8472b5c2d6376eb00277c2efcda3642a5e58e8f5	2c5426c7fc20f0d9026c78b9fea67aabfe00b522
a19f0c70bab4b51b58c34a78ffa8cbe717201e60	84dd43910b0b55865a4a2817fe0b3cf1d7271706
7b341bdadcf3d0623af5948d3d037f7ca749c87c	7f7fa736d1ad807bd72581fef9813cc6f70488fc
4f3907de27c34471dc814c688fc64cb64ee36fd4	f53a5b6112124f2c9ba17a13f8b46d02defe40cf
16ed6a2c6c694fb67962970094ae7039356b6336	f3f42aa153955f35efe5141de9fc586bffe7a32b
fbd919e918dba2d340df0ba1800316a3e1198986	7ea2222e64aecdcd40e5016ec6a9786087c753bc
133ce949a0315106e019ad6db7ac8b0bd2e38307	6de1637371ae3a8a5a8eddb592c99c061e12a630
dc16faf8cd8d279fd0427a1a66a3759abc849be2	d3363f9a9fa276832304bc9e753d2dcb81e26e34
3480c88e369f2bbf02459f832e69d0ef7797c94d	c42babcd46cb8ef8c0e85e8d82e399a7f061aa72
ab39057d9cb03107930c9d59bc8a66887a8e8a38	7d3dff8c95e06dbe1d8bf0fed0f47d53de8e3e0a
e1117bed9737ee762512614bf8f009b08fdaf1d1	04738df61cf2518aa7c535036f95fed275d7f2fa
ba772df1a02cd80ec4158017acf3cde01398b551	a89205b070c1a2f84b582c97c59f0eea8316c592
4b44b007577891bd0d6f02e6dc417c0197dc95f7	d02dcca497413769d8da3ff592e8ba482faf71e9
a1d40f4a57d7e447f4ff96ed6d9388683030c782	6c4f2f8d6798d82f901f063780eb575d44d0717a
95282f3a26421dad485ac2277a1ca5151b78e456	2da2cd349c4f44626d5061934b62117458a7b5c6
78a793f4ba1923b079f09392e801bbac3c6d3a1e	3f72863bb618905c50f89ce2bce19aae6db918c2
ed3aabe35fdd685d2179062b7561a48b9e4804fc	1d6298f83614aa3ade56bd3b93c6f4dd4aa7ba03
2f201924a16b975a96700c14e49a3362ca43995f	7a1b13ec2bcc1de902d083abbacb4bd62694e365
10abcf4fa2942a6ac4c7e3d0c419678e094d4556	5d9207bebff7df4dbec5aa4617e7289554af93c6
1b7639f2be711c2c3f4d051646284713195b66c6	9c4a4252ed27b304b9976de067a529367493b707
8286cc2b207d3f4e8659222a84825605370d1b84	5dde35309e83b3c6d745046987881f207ba7382b
cea07f6c697ac6f17fd5b5d8d5c1d1b3d6b57cfb	e2b150b9b34e8982c97bbdbbf4c5649d81bf3655
2765cd8eed83dab720277b819a3ccb10f38d2b83	83957b186d7c1bbda51819f40759729bf4cafe3b
733fe34c6c089b43d445e52ca353cced3272575d	2adc1e9dc3df673dbe08ac468fa52a6b7fb3d784
6277a3fcd2fd4b1c47600ad149b8cfad76695019	90f063fee615c41c72e45ecd9b2070be148d8240
1c7f927b3230a5161f9d71bb407e3525c635b994	6f579b4579a46ca5b1b978e5588710f30ea78b57
25304380034e977a5381a6fdb1bdd7dd254dbe71	dc15f3b69ee00841459b992310b0a78f52c59566
02215fa1579792f91bc232c6f45423c99325a22d	c71b7b77f69249699be6a7683f339f4bb7ce0393
08a64bc80cb33fadbffc260a9292e48c0f3f5604	bd66ce1073d8913a313d6e5fe7aa1a6df38ee8db
e505f5681ce05c8c2a20710a064aa8143c69cca0	c6b4d7e7ed1eef10ad7058a41e172d78e1dd72cb
eb239cbc846a539cfd76842a93029acfc06d51de	536030ed0d9acda569d1f1ee3839588d2ae9b9d4
a70477ec882d6fc616ea534bfb5225eb821d9bf0	687e611085d4e57cbd71b4d0c22c238043e8a2ce
7d54d7c4af346f7ae9725acd62d5e34e28aaacda	5e400546e1709c74642a2a40218646953771ec02
23d2ce070d892761d7ef35efda839d423300d410	37aca50b6c17da708d2781c8fe107b8f69ef33af
f54efaac33e0f611e9e6ce2350ce4fb5adc8e010	7e2495934d65ca93f0c8e9ca514f5c9bcc421ce3
ffec2a233801871ce4a699b4f1b33634448c31b3	3d14675f38169d755127401e17cf70f9085ddcc8
71762d70d294556d8b911d38c7e6416f9f6666dc	de209fb570e8567b79066dd2f808435710f19c40
2adc1f27f4c1ea04f655856a12445935469d31ff	d84b38f686fadec82639f88b25ad7178b5802670
d9f3d645ccc3d9bf07af50bfc47719a738d1aa17	849ab592f4bb7bbc730fed424b2f04368ed3ccd2
3205641305f3e13a8af69416dfffb11c26bc12ca	8f89b56fbba4956f7d8898544e47517b2c14c35f
d747a9ccbdb6dea6214a8eff1d7247b709f9a839	3b67717a4b995b3416abe36b15ab78ffb02e7b5c
c155aaec578edc3603cf925ac8e234c5fe54e14e	3eb6664187d5d1ebdc1c739d12a923108c74e922
6b4ba70f543122d23eebfd1edfb1d5cbb9935c14	b48b5965a0c8eee0e4a5a6d0c4a4d387e0fa0059
a358be9d070dd37f2a1c17884aeef502e6762dcd	f2742734859cb8575169ecf175421c6da705faef
d2fdd17b441a69e982318563559827671303fdce	1f31a23a4ec3dd4f7d4c5b97f4d0db49ada30ea6
23b2da0bb837688fa171f1e3e6526e308ab8cba8	e5a054cfb811f685d9aa7070170dfaeb4800bed3
1abd21e440b29ababb942874f882f5ff02a9461b	9726ccdad831a6561df1912bf02b831837bf7505
0f00d591047fa348084dafbe9561367d0d12469b	f490f3cf47d55f6744c8585b2d8076ddbb242a56
292ec706fc73ba435445a8fb49c0a8e97f289af8	ad78af54bcf4a8e728d5e1ff7a50f54c8070907a
88d3d48fb4ecc93d44d5841322e0032cd0cb9278	b94f500e4f002d95748485df895c237f16e97840
f3f300cb0086b956b2b5d24818d25deb9dc52176	559666a279c68ac680ddf8f2a9e7b2d9ab791031
187ea6530516cb374e5670ff8ff928b78fe4627d	472db0421adca99e084f2fea94f8f07dfe54789a
43dd1c71f1f8a755a96e1ec72586fb18d54bf97a	c05882d80986fddf1f654d269c097139a65d2c31
f27c859d55117330b145ffcb42dcf6bbed4ecbd7	fcb64c202b3925cbb2ff582d9f1afd5b91acc2b1
49c47799f7e47619910052c0b9cc8760c6335a6d	454810769a89c491a761ba13123f923555b1e8e9
ec2f7b06d0c6430e5da461d84ff2545fde2746b4	6dac293f23116a9c6ad5f1303ddc281e95cee0d3
ed2de88f83a960d0ea8bdea7765c9d79b3107655	b49e66bb017c5e5e6e458052154881aa3a8deaf0
c702392878c6304a35d89ddbfab3fb169f3c6c37	48c48f2a28b1048d02d7a80ded2187a75795ac7b
ee99c3bf8a6a13f2473f42efcb651c77e904bede	20322b4dacdbb1b58c06b1b06257998f4e1021b9
ec87254fa60d0f2f0d93fb84bd0c3a36c2eb6674	8ad559adad3493d55013dc97d90f560202994c7c
68c8eefb7e8a13f56228076137686d187586c1f6	88c715271af9c7af6f25141755949e2cdee9c2da
b716d9473e84c6573f97bfa1796e6cff0c71862d	42725bb75ef98ee25e332274c20bbbae969239f3
2fbc1af3a3e9a5d48733db33a8c26870a4537c33	de0388fd46557186e9cc70c6ce6fb1002cbf2398
902bb8f0382b7f43a8aba4632202e8933a8c93b7	24f60012d01cf571ec1269f780478499e5b2a624
7aa2738f5d987a52c50660420a0fa9129efce9fa	fef37dcf0eeff71c55166bec3eaff2a608843351
128916424a0be09cb09737d8af4abe0595875582	86cc87cc4855e902af9f0200414603fd9d470736
bad1c9fb84796de20c42ebe3e17cd7913e963c91	84a63a4b6239a2d3fec30f209e08680f47e75a82
7dc0cab19c6cbe5c31f91c4826ace62599e115b4	4394172d4fa0d9dfd4aae4e8831380a7247e5c04
5aa35d4297484289f6dfac494cf87c0b4986371f	7247354e52ed97401c79fcc308b1b181b6b03461
794d12350d4b09e99fd5e4591df41ab64d533ce2	a55b8a82468d8a693d94a8e230764d37d775f979
4445fba81733506713dfbf3350fad01cb4ec80ec	79fa3725e58ac93f90edec8044629ff8c076c306
7912f4837ac336458d96ae9741fc258bb67dfab3	77b5482c3bc956c24294eb8ff0a59c7920708a63
0a7e67b1626051b45a44927bbb7b97f8a8a1ccb4	b7d7e5ebdfb70feee5645325ce2f560af374350b
06cd100e4bc7364f52fdaf40383cb89e5353fdb9	26e3ad2dd037ab09ffdbae599ae5fba22e82e7c8
a7c939d46fdf5d4d1831dbd6460362e24a5aa97a	b0d75fcd86ae845c24999915a70fe5aaae9b2bfe
f5ea833f2ec0547ee80f56a4aba4b97bf1d504bb	a215a69881a1293751d3bc193d022b6341365a29
b388682580e9057c82afb58bcf4fc3fa0c289965	34aa0f39c75fa0f53c9fae275c45a551a0aa8f4c
4e27cacdc05e1c1103d1b80709fe270c154ee512	62507f41fd0fa5ecba935379060f12b7c532ebd5
0654d9e6fa6f43c1689c4e9a5c00ed2e2d41b534	1a7de43f59b09af07688285e3ec2dae7744c0af8
cebd09a600c84f8b13575ff8116f264ed2f675a7	fa6b8a3daf1e3d72a86553472e14f3c6e83e4dd4
966781fec43a9858e62bda9303864e5807268e0c	da1673639424d37cafdf393cb6786c20cdb602f1
6d81013097a18c104e1faa179f38414d784f2a2a	6f4e21aed03f9718baf043bce949ceacff5fa58b
62111b168c7d02b11a6be57c57f2b985c83f3532	7fd67c640e27b52b8ec07732adf293b2d4851771
996cdd996ecfbc9f65910d898f2b217241ba3071	3806ca231a543033e82ed45e72bdfc9897ee3b2a
a0b3833f5b9f6ee09fd8784ab46e6434b118f67e	8ee109cd5610931d9bf2f0563aa655345c5eb149
1e6ab0fca53c5eb957236ba9c24b13176146b5ec	e5b2e4d7a7ea12aa753a059e1973d5cbe63625e8
54ff01fb7dde7382282693665a09aed1d1b9b06f	ff511d8fac15f0caf2aa5c838894ef9bbbc027b8
d1c4aaadf2d45fbe8ccec9491bf1fa81bd322ef9	341fb0f3b18b59c80fb595a15f6d8d0d1657b9e8
d6d84facca4586653ee98d659ce02257b686acbe	d6d42280e7c5e72212fc484b1e2b9b3beef17c80
65a0dbedfb85236d82dbdf48da8a2af358b5f153	13e291a5aca4d0c0b02977a41497795c137cc422
deb1f2a5c570c8475f9b8f1d381c0b4b96ecebe3	064592ad1f5e3a3a1af4bc7e960413158b596644
e136394f1486dc0352ab4a3b29456a29fcac9ffd	31f613a92d46f36d1c75ea8e402cb39dc853f078
07e917442e0b05b0325f81b88b7bb821c51c0982	ab58dfd4ac30f35a57126d7064077e603004f4ab
814366c7a3c4d1747dcc1afe84a10d0a0f1af29c	a2f046998e563d74ac10d8ef659ada6fd5021867
ffc088d5865a6888445fc9b527452921c0e24ab9	1f956342b84ba0d9b1e57548c9da6e9272fa2ed6
92adc46c9b9e701ff5c052060036156bc9354933	f4d67b46c854039578869bb5d3d77930b555bcc8
2cc48712273914c6f4d0ded8177d8521233b8416	b4607276dc54e7c153030070be0b1a39f0c51fcc
53b4c83431953682840b9b7e7543956265e8dd73	ff437701935ae367e0c6e4914b78735f773d716c
55ce5c431064800129cec18239e7496baefeaac9	a48aba4e4707ce1c5bd894b80fb4f25f2f76d56c
23214a89f3be62031c10585c57022b77f77a8f08	cd45ccf104c2478900ab34837e5c8fe2690e4aa8
8fb31c9a66cd8efe8e21b09ea9a2a86c429841cb	8a7518691880f7e779d7aa107a8943d0fe47973d
18753c7640648960a83c221df9988956c57d0f66	148d957408417debc41da92bda2cfc23b6c5da12
ca60873baa55893e493f94ec987e34ef89c608d6	2c10937b68a85c3acef454360756b3b8d7493189
f82dba116560d0e078154139c4e61fcce598481a	03a087dee2024f545ca597e8a2b031d0634e6b8c
3269ff4feb9a326812c8d09fd65107a74c79258c	33f29dea44fbb17725c3163f1acb3383ebf746d6
ecfa307e8611fff99800faf322e7030ce1f4f3e7	9b34a3f7578e44a60bb659989f5ce3bb60ee285b
9f031ecfa0777e9090dbd7334358cfb53bdd6528	b4d0a37d22580c7d04016b8a3117666cd911a81d
8e35c65f290d33fc7867910f1c0cc4f8fb08b12c	cfcbc6a3dcec454450507a2d6af15edfd7e9d2ba
5b8aa9a2c6a7d05f73e1ca87d43a7ca1f6913f52	8cc82e22d1573aa892e34c8f382f239f6062e200
581e823d9399fbdc0d0a7f912b2e30c592c3305e	a1fb6919d22c5c0375f65783e9beb0ed7b50a832
5edd200dd6c70ed56c0ce834d38ce84d391921e6	448f776382f8278303f6d47efbbf51cec9c8ffd5
0b0aafdc2847aa86977dfdc294768b309b1a378f	12ffa2f3b09deda44a7b77097bafda4b15f7698c
c7cfa3a33fd8e1103cb9b82f689033635d801066	ea319968a47c634655fd5e3809b55899051c4c80
ed966c12b8236d3f9f01e5f630cce5552fd871ef	830a2b35df38ceb588f79b1b22224f6ae25f7298
31fdc930e385dd8d30cf15eb64d1b743f32a38ca	0673fbffab6fa6cf1ddb48fcc9bffdda45347d09
168e7a66bd189a6f9322bab4bb5e79d47fc7a2bb	088f17c7bd069ed3a52d95e694a7ed0ad4bb6eca
aaaf716eebda5c635c99da11fc6c4acadc32522d	f74bcd4713abb32327977ab3de444267035f7503
66eb12dce39ad49de6a8261cbd6d7b4299d965d4	65e0ce765ca7e134844128afb97d5154ddaa9fb7
7e96b6a29cc2c0bff4fd49f05463b757933d2b66	aa05cce31c12d893cf9c7af585cbc11f5c4ff966
001c865d2f27771a12211ad3383350e8b99a5133	b47e37f730c42feab8f20cc1d660c5e1f7dc1865
85271ea5b6287ae8d49474d02339bbb52d0c82e9	1a11b876954556f78762640aa7326fccd8aefd21
577b164aef74f8479de6a5cc92af3019b23fab1a	a3d8c2ad810e1f50455f241354eaa8181d26e680
6529ae19b42d43b768d2a7a2312ffbbec283960a	a8da639284848e87a48d728cc6e58c78f321c490
91f6ebf1b56585518740307278494cefb7a34ec4	2836f7c6c0fdc8f8ead07844d9aed43b19b5234d
a66222c9b2ba14771ee97174b9b3fb2f8ffaa5a8	de32241628f158d35984bf97d539aab9287cbd58
670fd3bc7fca7c394d87c7ca52cd1a708cc91d77	c074dae87f4f65596443b5cad3a1c1f75441b98a
f85d3464aa4bd5f989b4896362e90d0e5f504ebe	52c0959f4e6b894bdc0e9ff4aa9488c1e0050021
f8cad8621c671800cbeedabecd3893a57f1b0184	c533bece249575806ad8faca076fe01cff444bdd
272fa5c6dd2d4ecb8235b5c3a44201516211df21	d63dd2d03be1e6f92b736d216ff03ef12626ae2b
eaa3a8e3a028555bf584bff20fdc1d26543a1346	f5c0391cdc58792f1c10873014e6a6e3d7b4e9f2
5d56658da8dbc71c279a899cba2af2c827f70bb6	e03249daa799736aa5ba3ac48e66104e96b76a80
e67a974f0ea7ca67d47249cef87f093431d1c0f2	4874160f3f1600b583feea595d5f48b7326e450d
045bb10d1f4f109dca0028ab9b90bdf10a824dd2	5514ec91db00d008dfd8abaaaa9fd3774914954b
8340692a56b6dbf50bdecaf301a129a482b2cc01	637fbb400bb444667c0c2cadcd92ce469cec9309
2bc50b7d3e7560c9fafbe3795561f0ae976c7b30	d70cccbc021e43deabd94ce834c1abe405f088ce
c3fb2f9b9cb3e4e1c09f9019a134ca841d806235	65c69b2a1db9be88fb21695d4ff5b47de4e1489d
7d1aceba7b1e91fab1b94ed628c4507c645b9916	10d3a67b08a3d76e57d0e32ed5ca5ae3717d84b7
becc3877ffb781d16cfb697f18abdec45364cb0e	711700a79b24bf5c19fdafb4d19a5bbd78d26442
570d8c69fb4dc45eb54cb0911542d82078aaf38b	9ad7d6f5089a3257b22530315f9726ef82c7dbad
44f22ab1492ba62c55ebc1736227c6b5b9b31e85	bcf42aeac0a77d7ac603c453bd0c006337e3125d
9f46223bb6920a93ef1596636bd14d9d79ef35c6	717f3371b2cdfa15b0cb6ea88d51c338dfa29ae6
85c3d7a975d26d3f0f8a86f530625d1cd1137d49	776c2df657ac2f7d9345cfbb248c258aa372e712
f05f967644134df33ec7c4e2ec2f8e3480bcccd3	4b15cc491af5579c9e106e852a3f7a37594c1c36
398353b8f72ad24d81c61f6794507021425d3195	b63d718bfa484967378289c62cc20041f038dc16
a4fbdaab45aea2bc117511ab8466f0d759e96e30	e045304a797c68c91a66bf409275767254194a61
b81ae12882ead76dc10057ae9e2a3fe50a57cbf2	8dd876923c79e0b3a57577159ba091628bbae1e4
87e2ba1923c1ffe17e9c8edda6ccfedfc818eed7	0e55a456a223446f5c21189543febe80667f5937
162c88ee080f0dd83b7ac508e47e4fd9c33435bd	36ae68ad06f865d7ca75a5874910ed8d77ac0506
f43a8754788ac848193b20adb8d5baf8cc43870b	3f4e9a7a47364b19edb0bb5ed741414e0b83172b
658663f1278f7f2432251a4bd1ec972aa0029799	65c71436e3340785ee2c07e5fcb8e0502a2bb0ee
c52babafbc4085dadcce94e9f09f885f75491b6f	6dc55f15c6624ef67a55051668cf94c6aceb3d43
866bb783e392298bd699843c5efcbe23d2d10bce	d5cc4bfca4dd681b445286fa5c3839a8afb31ec7
9c91fcae2698eab8143f3281fecf0b68ea67fd6d	3c5217b22bd036a2b349ab3576cdd231711cad31
7a45d9b9ca7d12793429fe6749de72238f66ce59	541b36901931ab69047001a18b066b1805082f5e
13af54892e83ceab761e6b54b7557b9008b9f0f5	00993df4bcc7b37680a1a0c55f756db601c03a61
f547ce7acf42be7371c869d590d6e2aa6cf95693	f3915374e5583aa8d6c2d0c7637ad44ed04c4f72
16eb7be5507da5972b092cbd213f8587cb1bb93d	18803ce0574f8ea1fa887aa114b8fa6365e703cc
faa45651f960dcbdb226cf3340adaf9ffb4a09b7	0a8726669e716278050b53d1918ed9363e46a88d
14ab4321cc7a817bc8606d90913b001cbb505954	397855b30921058e532db647ac9ac5b8a1bb14d9
c8fb0aa7a614113409e24997e06e4802f655e003	7944542b033d8a8c027ac995bd47c4da08e02d03
01b3dcdfe2edd1463a3480295daede2be1dea615	1c7362fe8c74fff4f04e2e024d5f32b8ac75062f
9954cfa730d60aa5937737f149454ab9818ddf84	8dd8434a1774df9403ac5da51c72d9f5dd88e8a1
b99daea4f6c2c728621b9a16c52f1b0a6007dc9d	cd011af4971031655010243f592611903f22d4f2
99a9ccfb9d6f39b455145838b972b2f642b03b8f	c1c817cfb1e4be122dc549218c7e16f30e0d28dd
90dcc266d5bfa6d5e1c22a2f46b114f9d3ee2c9a	22c46d49520b17d1189f5099f3e03f9db0ba081c
f197cccede02e61b8abc906d42d586160c2c25ec	ae923b9b98e57e7ea05bb0f17cf103e4d7f36697
07fff550fe7334ecb9a235b0bd844782a8562733	c886ea3ed54b7001211d23aa07626c140064daff
0fb780e2601b3eed224994f421ff9d47d2d9a15f	46b49218c0215ebed4f6996d81e60b16b9de59ce
6960fb4b8c8e9556d585f8aee937daf564b3763d	d5075a648aee26009846789283803445498c4e6b
96346bb1522de9b03feefe4227ea55420b9e0a4a	90864556a15f767c601cf74d9143464b4bb9f8ee
9b457848595f96d3969c4c592d09c42f2b046d4f	f8cd0f068953f59cc76b475cf5913fa4442b6cdd
5d80100bd3e9a8be4086f4086abb5fafc425da79	db897465dce8c700166342ffce7d403cf9a7004e
af9fe1b512e59fdc591987417e8a45c9c72c1a97	3409e32f570d94f5a223eea64edbf5970104a41e
b6e58d6c69580773da6e6a9330a1619f653c0840	c06b91777b37115a3b4ed3cf10e5cc62d25ab916
f5b61a7bf89692f60b7f454b737d2f730090da8c	036a261589f897d983b48880d05ec39be7ad7fe4
b56455217fe3e69a1360cf70e9be5d18d2d7e2b1	913e1fee670a6d9c91e90672d8d7dcf7c712b40f
77783e532a443a2c7e8fbc48a373da19a2d087fc	2ab075b61e02e7069c1533423e57826f6b44bd6c
1632cb72886dd033e63300a151ce9810112a5a62	a0a509478ea56dcdaaa22e737bf1434964a98e1f
0ed8c48be2ca2747ac020acbd5d344d2533626c5	bd2ea5c825c1fce900e25e59345ddf72fb057d80
043b3e4ff386d89c33a660a931aed93755261e2b	5418b48a10b4c429462948c03bc9884d46a8b4d6
5fcca832fe5d501a0862618a3ae84af205667f31	b00b70e5eaad3163f0fca732c0f5647c52a6aa16
f0b0c722f997e8d3c25fe22a76c1a4d411702974	b114a7af0f7b619597058f565c0448f53670f1fb
882374e3d633410c064233763e208e5c3f2ae20b	2e51a8fe6fb3aa12a539c60fb481b35f7c0f76ed
c2b3f745b235b5f5531618d0f6adbe67d1ab6f9f	ac3d9ed4f3f060221d244e8789ca339fe50edce8
f9d02afc64fc486ab35772f29bb6ddb4c5118cc9	b3c0eebcf94deef00f3d1667dfd770e8da7e127c
6153ff4cedf91781385b08fda2f39dca020a2a92	55d5c6d0809d6934483f0054162556767eedf319
d20d70a9d0a20fece5f3016ef256b53ee34d696f	ed6c6a3f4a3b40a9a6de27cb0f564672a16389a0
ae26e518906752c52fb64b9e4ecf0fce9c3c1e5c	e99761aeda19ab969ed26c4d3a637bb941fe5b79
4a0089797d3a0b27318edaee5b139bafcfde83ba	b49486654e2e083917d7670e9cf03567a7283abc
3d499b1088e4cf59817f57829ddc5b8a2e515bba	fdf526e1336fd87ce299121db098c1ca0a1c3d5f
492997874984ecd56a083cdb69afb1a9c285fdf5	bca37ccdf7f42999fb0138cec55c7dbd557bc303
c154a70c17fdd0f45c6a63490abb78f72c8ab7cd	12b6d85a112ef4b16b7312f36ea90b473cf607e8
83e171a570b800e08587dd8eabee03414063d02e	c0eb0ef4e23aa4a7b5c6b3eabfc59b482db213c7
02dff23336824228690e3da8f276d9fad8787852	605ef8450f849acf83586dbbb5d9e44ecaae4d38
ac2fee99f97b9e8bc79e1d0098fdd9ab3d555b77	378005037e8e2f73a58ac75a57627043b349cc92
29a6a8554dde0b00fbfb1747a6d8d7ab0ff67dc5	8f9479e5c73f4dd8595defcdaafca373a6fceadb
249a7a2548b6d25ed71bf5820959971c86cb20a2	29b8daf06757201a1c1eb8dedf92f0349451060f
9bc577e189e84f3d16c07aab0c390058bc33c650	fda1c52fd24c109fd01fdba5733b53e81dfb79ea
7e122da2b8e595e2629240b375f6bb79ff327e07	da06fd854ff772863318715f60a7f345df993cac
188bbd91738104b929874d180b329038b14fdaa6	f47b32702cffd3a155c1df19d9613704ebf689de
89c668d45a487cc6bfaeb08627f7208c8806997d	9394dc64321cce1cfd76c388f968e8163ce0479d
73499079a7927811d1eb94a41c225cbb3963a401	f51b54332fa730e414d8846ab92b7558cdce1042
fe46c69ca56470423e2bd72d032978e1174789f5	043b12e8ad22c91942d1ddf420650449723cd0d8
ee7d6eed228d5ae416c9e0a57dbe84eb4b1b7632	eb71ab93d6d956989afa6503cf0b231c8189c36f
ab75885803d7dedfeecaffa5433f62f62ea4e7e4	da878a35582179dfdd6abdfa42f4e4ad319de36e
56af1b532b0d993eaef400ec84038f8ffb64bfe0	4f5042315304d5a2e8e45ffa8ab6bfc2c8423f70
fe1ec9cedc84f452ff896e42d59a44fa4489eb7d	b887757f1ae3c376d4e62491ef8ef273a3f48d25
4e1f5c9417eda81e7283f23537547ea0af8844b5	e070d036d666ec6288a0ff8a3d159ad34260aa76
df9df7e450421bfec5989e4d5dd7aeb0b605c5d7	210f16eb9cac38bb5afeecca2016dd8110d5f253
acd8bacdf5aee0894cdcdb8da57dcd4baed492df	46fdba41c539ea2eb92d1a0b379457988e7a5452
d6ea49e5dca262fdf65fbe32a6bc86f7c1491c61	304471796e9126394f1603b9db73ffae5fa862a5
04528bdd3e16e4d45a9cd5574b4f68e15d6fcd20	6779082ece5fe2c4ebdafa8cfcb314ef6db70e1b
9d1803177d865ef2b56391662370d78ccd85a52c	77035483291fd54a477f2b883a34b2c566d5e3bd
b92924acd0dfc715dd3dd3b1648b0c6f1c2c28ef	9f6cd39b8c476641f1c28eba9bd8d70897202398
3e66abd08922449959f69c9981aef7767fc17298	0f7cbad43b577d8b7a5c7b27d3f83a4e2d58b047
e7fa42dfe41f7fe0c05fb60db801f254fd4d3bc3	f39585a6f62bb93aa24a74057b3e831022135757
8d35445cb13f4cde1838e75a263ad3fb7a9eb297	a655ac0611de0db0bbb00b9e5a7ccf8961901e98
e4f2638a4f04ce39f82a44008345b25e8c2e8222	e6abb8b45b5310503ed7460284c512ffd6b90abb
ed4d57cb6cffa322aa6fab8ac297678062d9683c	009118f461ed12d4bb55f9629e8c0d9925531eb1
c673990dbd1044c951a95c81a07569ca36bad93f	578dbfd3bfae64bebcdac89c8322dd5b410efc0c
a201dd0132092cc55f40e6118940e0cf693cb8b9	b59b0f72611c867fd9f518cf07c5296344d7da2b
1e02cd324804feb4c80bd29b6d9d0ba8f171eab1	ba655e1b053c684fb0feda813f8364d1e8c418c4
b474a6515d04e86c8486d6e364c59cbdd45479cc	9f1c8001f73b40fb2ff2daa1151040444bda3367
118c2f482de0a688fe821509025ae9169957a3df	19bfefa41334cc58cd6761015defd3afc655cf0e
c7e05bbe40277b9e027c082f8e1492e8e093cbcd	2f0c7d549b1a3bd70bcd1a509334f49bc5d77e92
aff1b323300ac5c7b034af803308c94ed1261e57	ee2146044f162abd59f07d244641c2eadb0b345e
1ac62ca62945f109a142e193f3fc61e27dbc6e48	fece6b4ba3fa47c04850716912ba69422104cb2e
91f66b471a278784705c3041c6abed4f6bfdbef6	8ac95561b068e6f3182678711f880338a429078b
9a066c3f1fa9c250a154650aacb32184a3cd7d82	ea729c00f5b1e20ff00b1250aa872d279779fc55
a70050b070d8c610631e5b12d1932f3cea604cea	4d29561ec2be39a0802400e291ae8aac1e42b521
1029382bc3d05a706a7a7470c9cb2bdaa2aa57a8	c90869cc4955862a5088198bfdd107290f953275
ae5be2899a0c3c8df4308d62dbe37e9d1947b93e	50b433e2f818c8fd488eb07608303dd6d19a37d6
93e00c035436ceddefed6c6b5e168ddcecff09d9	95518bf8dce9f642c417e56cfa6ebf9d05ad0b17
6382f3bd557840a04e5e6df82706de12f33bc2cf	3f15e3113d2f6581e5a2c903f45b80905eef2348
35dac6ec8fa421d42610673707b5749d8f2c6be0	f2424de764094ab3a2bbf732a8e0a16b4716b133
d9572cd14fdfb208fbc2162f53aae037112b82eb	79ab2e915653d58c5819d462a52d6387c5d351d9
ec71e98389d69eebff40de29bdc321ae637ed823	690e00c168d9ca445abf25139092e3a991cb6d35
580efa7fc28116223d8217ca146e6c871f2f3894	4a3031592cdbfb1e7f326d818d443791041ef7aa
afabdf802d4776d7a2c35827483675b5566f08a2	dd0bb20e117a6f454df439a355171d52a96886e9
7d977a7761e33bcacd05c0d823e6eb98ad49cf67	feaee30fa7d8ad99b1369397f17e6fed55fb58a6
2d2bcf8417c8f80c0af822e9407df1f499131319	a7d7ab62bacf5d54a4c03601b565df185cde3548
033cb90e6d244058d39299494b657619a35fb606	86bde76537c14c3e3e3c0b10c9ba3f503b3071ca
e0af10b2c95a89d5080be4e7edcc97d6c52fe1ef	b0ae0bcabd45fa028eb62bb2032732257f274b0d
b8bac07e319b426ef120eff5d7363a961276d2f3	3dbb02f7a11cc48d0fa540ff15fef223ce7a9c0f
81f3a958963fb6e79c1f826d6746e85500f71708	49191df42acfdd6fe4a075da8f63053f2ed4df9b
89909b4de1305134dbfaa9030026ee64b8c1fe5f	5509313b216b39c9dd76f44b12e04203462b724b
aa2cdfebeb197cbe8e46f3603045d6b3095c6b71	24b2ab50430c30a5f981e0506d0acc6fa318eb18
cee05213dfd98e54e111564bb4d30b38e9c217d5	4a7360061d35ee853a6631e88a3af0b13797fd51
688b4007b983ad61fe56bc9f453ead294e904cf6	758b45e0e3e97f16eb841f5794a44d619640177f
a41fe4cfdf2d59fb364f9107fdf313c6cf285df1	094db7595014634eee7a4a95110312daa7c45416
84a9a0ebc13d72537547d0e212a64400f1b4c7bc	46d3bdc45accc965978ab6a63a407f8f3ea3e72a
c4c11ad536aaab854cb32fa67b99a4c96e354470	a9181d36044e72c1a5456b8e30a6a0f4956c5f7f
952eb8f69c0d36c3236530325020d3e346d739b4	faf2f6d0ac97d478e1dac516c1e7430830d300f6
081768946f9758cb8f1a5b4e308270eade9c1fbc	c2fc8571b544fb999dad8b8b4f27804cb6cbbd11
506f157c0d3447a456e1c825238b73c26d7d9c82	ef740acfd0bcf10bff57b63dccdc3e754613843c
8eac68463cab363e03697dec5f4139319b5de0e4	89457a5dfeb62e71f5b8490f6670fb07ab93391a
ee714d768de24bf359ced0896553f6492a125830	7cce8e3ac1d4263a2e4d61f9323c6f0e6e6b1bac
020ba5c15e78114008b3f06c43f818370250985a	9ddffabd4ea15811ab2746d3fb742c80dbd25632
0d0b08a34e6ecb455952310bc4e4371ab0f22b49	a587fc1c9317c369d43c980b71469ab9c6905fe8
e509f89e551139546b04d11d42dbdcff98bc4b36	b91ef3df052576f9c5e48ac464fe05d241507df3
affdb7d9c51a5bdd10049be0e8c68a293bc00f45	7319274127e647c524aa61691e7cf8bb54a5f0f0
a4778c8cadc39ef15175310972ba0d7cf7f836b5	29cf93666af84ee6dec3c9d8a0a8686ddc87b7cc
07d464066605c4531b91c26dfb6238fd5dbfccb9	36e85ec1ad50d837c286a504bf489341b72af741
90c3c80a8c21bae82f0debbb82f4cec9fa6a4266	da64b20f6bab371439cc6c075d1b165817af2511
dc75f7935366fc60525bec644cd0caf3d4a679ed	a721673653636232c0a7f0c96821609d3fc43568
3503a182740cefb0865e37be2249db279d2e74f3	2cbc3334f637b221fb45f6b664558d5e974af0bf
8f7f2387f3cdb0187b5d1724176894235c2ab0ce	aa21b331caa8836ee6bf1ba62cee9c84f77cdc37
ce10bb4c4af063be73bc9043c29ce2d3dfbc7aad	8035cddac8f468b86d0a6a2da5e08f34a3e87034
4323871f9c4ec66939fa0d155264aeda99f7c040	bdcc42ff9b6e6ddb902334dfc89cdad5fe52f630
189dc2758a4d7b13922f98371ede58ca9ff2a15c	d7fe1e8618d32f081e210a84c4ea5325cfb22083
08167276220f508d9ba9fca47ed94227a3d6bccf	b26535f0d7f2f5c3659a45b40128c19771461dac
ee56e896825f5c4976597950f7ed129d465dd71d	5c6b1820032fc0dd67b93dc16c6dce4d7b298829
d44c89398150f87e7c443fc44879677265deb7d8	00fa9bee6db68d5b41122b4bc04bd4e571d1c926
f9e48c6e4e923f308971951c949f1f2398d44db4	f327e31ab62357cac07f3f63318c4f6437d2c53b
b37ce567364c7eab8bbfb1d29ecb688b6a371ebc	665ec1ed40d16bfc621f217cc7bf9385d7d38e8f
c2d72e71ad444b552658b12005ef36e94c276aae	0d63dc7b58f72aab20dbf5a6e80a68491b2cafce
a5b27df6f3dfb1ad8c1fcdd7709b9f28e93dc83a	81e95167f659a0c51c9709f13c847f8c1fe50202
7c5d5634c04914b539cacd0e8370bdc48b882567	f5485af5d1198c15a66ff162ee456528a90e41c3
246e3569b3ae67cfcf0c47b50695d52d0b00bf3c	9f3f0f54458dcf66f0142d663a68df731c720d76
0c910db668c0b0702cda454abd5395298df7511e	3d553acc7f7f1781327c3cc4bae7b35b6c06cdd3
68196cfdf07b9af5f3557b66809d3171678d4815	cdfbc002e347610ce7ea7e4fab793a37a351a409
c25598b4bd6b754e38b2fa4fa237cd4db37639a5	3cf96ae85bf50b4a0728c50ea20ae4b3c56c0f20
2404e8d8b5db46232999d511f792802cee637fd0	7bfedf53fe1b315f7c5fd477ca71f38cdae9e6a4
3a77de021a099e22d351ebc81179c21b0b64f5e3	25960d5cdfbe0bc659964a6e5030d3ea4ee175ad
38601e556830f72ad2ba2d7dc5f8d504f80c0b97	6e47271617819f4f7f1f42a7c108f81acb3b8b3d
2d57de54791eb95b32dd8e7e1344008e93cc8cdb	a9e6af0fdc95d810089a32e83fe80ee272447cf5
c05e6cb670ef6a67b62aa5cacd99209b3c18786d	7afe51430cec6a4e84f91e9390b712628fbe1559
6467915ff601d0b1bfa6072957bafce0c735bbbe	7f86e95e8bd2ee40338feef6cd6dbdbded268e7b
eecbff9fff826182a56955f2e13043d8227a8c0b	e32cd4739567ce65d5ed4d2e9daf6392ff284c8a
d5f032c93c9821e40144b08a22dcdf73ff1335d2	63cdcb07eb152926dc1e5f42ddeeb9bad4810f65
b19280ddb0e912b8288cc7fe95b6bc889347ead4	561962603b55cda61f4e04f86918f3f39ba53227
0ce3d083b0c8728d118c227c323d4915375e342f	46e232055bb460a68a6c154ea3936e59849ee035
006da72cb960a4e037caecb708a3d3c2a113cd80	f1e87589294e20dbea2ee32d2eacfd27d298b4ce
3c831ce9f33296d0d5b5c987d2c9d2658b4b31f8	06146dbbbd8e0137b72489dd8d31e94fecf71895
0a3b3215ef15dfe9b974f03f23b53681eb50d75d	606751cd3c1a0a67dc7170b0a28eff73a6dd38f1
87d1c18192dc2eca952d27f7f97e3320b9f2db8b	745cc74f8d84440639ce5f2b44e2d25fbdc9e03f
4bba5fd6516b9cbd073843122b5c05771dcd9e86	0001b59011695bf207276cf0ed9bf1bf82d84e94
3d65ebcb8fb7c7f3222e31f70e00d44b2a7fcc5c	977e5b62920dc334f25b87cd72128dae1e49785f
2231a638b765776e625a390d327cc031920d5b0d	df296a3717008867fc7743e4502cc7c4a16378ff
0e4fb4cc207b74a5e88c79be6f1299dac0605dd8	b619621adf17a5fd84c38865a7f7c2024ff38a19
1ca1ae19dbfb8cf9f09df7067ca06c4ec9d286fc	5a523b4d5368ea26390343683e0f42cd24733427
446f35cc8f9a1243b09820c7a71ea46b580027d6	e0b90af9a5b708335799089512a5c39bbfa3b7a8
bcf239f2343472b2f9e08c42589e3ffb13a2bba7	6f1143727cc79a74f7afbf8ce52e9c836304e500
100774d5c253396fd31ec33cdf7ff776e803096c	c6bb4d47d640c353798a615ad0b09d0c0b1968a7
fee0b5b3f3f5e8a2eb35d63598073eb1d4bb7393	47b4bf4b7f786884d28a2e59884872078f3ce751
3b770a1956fb73367bcd9005deea38ceab564a22	39f0467592866519bfb735a10a307736aa5513b7
a6a868dd466e8701b86cfe4f3dee8e0e34157db5	c9506e1b0dfb7cfa4fa749eb14e070dfc39f3b04
4910b670b72603a529b3ee86be4d88c79ffbc88c	aa869da6c08a561e9ca4c73cfcd329716ef00560
2a0497784a3cfd4c36d18793bd32503f791d65ad	d1b598b631c098035dbd3a6fc6bfa6c811898121
44c14ac99db6d3cf708b1ac7d8e799c3fb4ee0b0	3a6a192d1f6196b4d3a068aa9a55856504a851a7
9114c712cc7276147ac1a0e8c9ef4328cca66e8d	46428fd509d21310344d848cfe4a1b9e35328fa3
cfad5d7a693c2045191e0dd2d919dedcbbe83088	e15bf9b298e22593ea1bf592488417c1bdd4121b
0914e69d1316df990e3cc3f5027b0c32f2835826	615e1aee3140dd97e1a2d5f14fdf2dcd1fbc71f6
a6cb44e4c5e358cefd7afb9a9831eaf28afb59bd	54ae0d36195031d512f7e658d9ab997da44a0529
0a059b3cf910164aef841fe57b224f40b2213e55	c33e26a8c4f178d856cada0f594ca19daa870cfd
c279bceac518c6a387406e8bef3e2aa8cf9da5f2	938af28904a5c5de03d0047036edf51ebffae7fb
300552cf880e18d137729f59e54c5123a9123f31	16b48d94d9b2d728982a5954fd122fc835b3d39d
51263f3227c4156e6600eba2c48d2cf43846cc23	cf781f9d1ccca0c5a195e8c427bbe7be16352079
9caa541484006f71a902feb1633c3e1a58e58951	04432651ce004ea6339643823e5f68b345b3d86e
300b61ea9b9a0fc7b740afd79412b68153016cbe	c4ba78d405fe8c7c92546d1190645288f6f3119c
04c8673b431fbf3b260e3496571600cf0714820f	860093dda3b7d19b5250dbe38bfa4c8f6abc5aff
8dc12717b54e2e89f015ee82ea2fbd957928a602	612a1b737177aa48a25c5316b667f55876426e3f
880d3539f25b7cbd7c1a54d675bae4d71335f441	5e2c8e506e5341b366c125fb85811551b8e34b33
628c547a1ca1e788335cebcdf836dd5f9ba9a3b6	c02648cf5053321aef046a943754b6a210288515
d1ed6a06466e02949da2c7654ec0897e32d159d8	d3f04d61e7d3375043f6bb53ad47a332ec97257a
48254a5a467f4d4400f34f3e66daa8628e6bbe94	75cff7d6546c7d3b1b0b4400fd74fb876d427ed0
0576fcad7131d43d47860efe1ea4d9e781b2875d	cb361710010ec58c222c84ed3589c820f56eec48
e5b8930ac86cff16da335d1680aa0e2dc8fa89a3	6dc76f8c27264322b96c0abd1dbc919108989e73
eac56b7cf7d756eb026bfcc8edf27266b812cc24	77f36e35c52be545d6e4bafdf78f0f727c84f714
080643346ed61840825d3f7c3ed7dcc8ef556523	ed08204028e48575916f2935dbfe3884d18464da
4446232a3bb2225917b532f6a7f9d14c800e51cb	8410f0fb29a826301b6341d810b690505385364f
1de93bb0643d8f189f76ed4c286ff1fb7b75b22e	f6eaf4a7628827e8433d103b1e5b5e57e8d9dde5
cb99da9b1b0838dcd558d877deee70795c406915	f8251ec369081fa43a6e4f7fbc0d2ebc3e90d9fe
7258db2758726180d669615afc347b03f89fc567	b7910ad15b113cb9c3b0ba14dd7ab9001412d72c
343ad9b08b27dc3ae081442850b95ed09b082ca8	1601fab2ed861f56da520cf4ae6a58a896c56daf
4611973e665fa5926db297d0c4a8b87e6e27dd86	6ca74f31b0d683db36e1348b5a500a8bc62d82bb
021b7a40b532c6ee350b2cc02ff3633677ccfb3b	dcbdbb9b0fb8646e0638721dbf6fd4a5e43053f5
73a6bf771118e5ffe088d81d5472b30d07210ccd	845e0ef1f6069e48d0a1b02b0b1841dec33b889d
56d6555faad6925bed974d184a61f12ce6283575	9f669bfaf1a8ff0bfd7d12a583eb3a9af108eac8
845d3fc3249fe6c581d2f42367fff072771bf5e1	2f58c1c736ea11432c68797f58d42811173c8028
55696aaf95c921b100aef42f5017341f0bc69479	31dc15ad7ab8511cfca785b6f42f467abd5c6192
cdc19da6df6538b3b120fcd6d7bd5edc7f55074a	a201afa0af6e376bc8c6bde0c37be72461bd2d7c
297d6ff0be6b581a6ca3e486bd2637b8f40e9d8c	572f6c2f6c8dd7cfac5709656074d9d7791d0ffb
f020259771c3125192c8ac457275e795ffb43b3f	27f23480572bc6261058de50cd3bed7f2320072c
8eb7b0e668612c7de2303a4f47d29697bf1b763b	9d4d25e14c5e1a18ea05ced929bd4c9bbb4d07ba
d984c3b1a71ccf38c122dfa3e35ecac6e0d9fa5f	1a8d531a230dd6417a0da6037db06fe53939972a
b8a026b4c522c479763f7de1367e2bed1962c74b	90ae37a7c325849c6882d9ff0bc950a1e6db0e52
eecc564e5f07fcb60f76bf4c2d003213ace0f207	4cb7f023622fa5e95f1830cecaeea7da00c8d78c
113df111cbb5873f0cbc825567abcadbe48a9600	858042fab42eef85a34a6465ea2f334dde5ce224
a8866a14e45db4055eb1bb8ef04b4c9f2052389e	e40d197fa43df9b1b2675c59229806b2c790664e
d5e87c11256cf50d0339841656107243d1beb917	3a569200402c233026d8f48784fa72d426c9372e
b7b02962cdd73b82bab5c4350b9ae00b18eb2a16	262d9d6f094ca41fd65d0d7eff7d2d635193c10a
1d97fd5557fffa85d70061abafdd8e0fae2776d1	31960e8bb9737c9d09c415aaa568312488ef9f09
39c2892cf804637511ae5221ddb3532efc086d75	4fd5f5942bad4375cebc958623b4d161d703d2ec
ec8691a18e98c86a7c68f2f1f83d423fd172f85e	2b6b5652453b34551d41c5f7b2b1126d1565ad13
bb80fef897f79e3a3dcb47bba51beb3c8acb9384	55cdaa5ad32be37ef494830b4c16342fcb4fdef4
0242b6b19adf2283f319cf616ec2db8017dbfc9d	3e871c63823c22acca89d32a839e22728920b3e7
0c2c1bd7f88e12825c4ba9a10f683d41e94ed67a	7620c7ebd6b5c65f6420cc7d355ef822e12171fd
abceb31e272031e5f734b6624a55708bbb213772	a35ffaae63e58c732f21822e01dead2ce5b49ea1
d739b272eb3d0c75fd42be9d67c3288edb06d5ec	cdc57ada2de13cf4c0ccf1cc7166ac6cd2d8515c
c2e59c36b75639c1d8988982391e069938e68602	790714f41a5ffff2203ef50ebd6bbc273909290a
7530e5640afd16fd0a39486c5fb48a483a6e138d	c8f13676a9dfac99acb637c82f764241e1691d57
b12f805a39d66e3e23ea7e6f05fc4360d3c232c5	e4e7d30af8b7d3a7fdf7444670c89add0a877bb0
e5a8fa80e76f93697814cfb3402b23f98060bfab	40d3172e7384c5f2032bfab78c21eb978c782108
ca8640ae50a7475a7b213948fe042c66fd328972	41600324d9764a00704d72fa9e75908d9e5a486d
03b93234c7f95b3f17a3ac3e917ac98c71c73829	0fd5a068468a72226c7caa09732b85703df015a3
3b8cdecae143b58c5c21557d69b72122a0d430f3	3359ecf185620e04030c36fa1ba3d7451ae4542d
979e81d8e4329610debeb77640dfff63480949f3	f8872d11278959cea87fd7fc9f92eb0a51a08b80
d1912659c5f870d4577c2b89fc1bbd1f45861333	187314ad9f505fb56c0aebd24f1c85d2d2e1eb0e
1469e7cfff79109040ff785cd93c1aeb45b550db	c51987519f3b5bae4ca135c0dbd5edd41c83181d
053a9c3c6e48d6ad03af733da04fda3616e46a7c	50bfc293faa981c6e07797cf67072ef2995356e6
c4529fdc249f1231096375feb9e0aaca83e223e2	7ce1f6eb38c8a330c275ce8d8fd5491e20d5ea0b
278ba59e6457cab9097bfc2d2e71caf13553f32e	d3dfd3e571e88038517e32e6e16d64ef44cee0e9
b0f09d4f6edd66bc0fc96d5df2b4faef61dca1d0	4ac84902bbdbef68b68fe739db200bece28feaba
7170e89f7a48b7a7960930c66c1938f6c0720ae9	3296035dc731d1ab0495ac1b58085c88059104a4
6e5b2267da5da26af95e273aa845400370fc1b1a	91a77e28eeead45bd1a02fa7113747036316cb50
a48eb8fa61be3a61a1efe4c848d890c310a1f5d3	01ecdb25e1d3c4c4012bbef1358c206df8c9b8ef
9fa901a04a3d937036c33799a09f9dd63cc4068b	3fb7cedd3f1d335d4ad150aa25e588b157f7158f
a12df60f694d8fa4d7d7a275fb45796d9486c5e6	95700af024bc5249b1ced2993ce8d1205b29c41a
d004ae0629a04562066d535bc42bf3630270aa04	2cc1387a22cd7ce9b2b0ecfce6df1136bfdadb36
107d1bf17443fde181e84cf9357b9d3ac82e390e	89a457be19209d5fc599a0ff571d4778df620367
2405b38ab048f129d3c37031608dd09c4af1b608	f3fb78206bcad787231ca0e384583e90176ea87b
2caf26002b3cc140b480a44ebe6bf46d2126decc	97e9f22647afb1c9a2663b1e99cd12a52eee7b45
8d53566729939421b14403cbcc7822ab896d31bf	ffbd78d203327df7eca8856725b46e396ff1d70e
4b7259870c290a041ce7bf219cf44c336e30905c	3ef512cf55d4bf14063d4dac95e5def10ee5159c
f44092ce9cd9bb2a36ee4ce6c64bcd96ba74e732	51a239791a94694f732778db14cb3d93142abb5d
1f3d6cd9236c370443f23534be7e60b64f78891d	9134cb79b9619aee3d5239cf7231482eed5d80c9
f849d8a737ebd8ebb6df75c6c221bd7f59e7819f	c117368be37008b0dc10b9ed5b0a9d375d614e96
87c9d48236f1894d65df33a605bb0ccfc9eb2c81	a867fd1832e9b08fea5f706390df7f766752ef9c
557b228fbb36145c9a06aaeed72a1920ad4b44a2	7a3a1bf0a15dee67f05ddaeaf2edb3c3f5197249
38643f71cf1c4550a6485dda7a45d25084ba03a2	7f361bc786d96dfe32c292d5c41b2cd3ae3a60d5
8066e4c6a1ee4827d1f920562d8e1e8237bf61d9	4268e16460c934bf62b8094715de9dfc01fb6265
314b1b889ace8b57d28b4209df82a5441d36e0c5	e63b4a988d27f8686587cbebdf47938338a3ae7e
a6e45942aa08c8bc571b63ed3600e9eee11fb3ff	0ce158975d1bda17448d51c7bad6d96d0f94baaa
06e83d7cf76c3abc66744ba02b16e8d2a3b4c03f	7b13d70a00f6e01d77be14e0cd86fe6b8e154dc1
f3a71411bdcda73754892ec81931663cd9a6a4af	15831c2e5ba1a7b2a583c116a9baec9b30a4d77c
eb474884c5272ae58357f7780c6ef283aebdffbc	420479484c653b0987a09cd26193d43e88a7834f
79998ca399bd4123506afdc0252ff182e06926e8	65edf4dca5657755a0d787a91bb81c0fc5526cf2
ecc84e06b5e7fb3647626a4d2b7f4b02591e3147	e90f49ba46edd7fb6988c1d42003e7f9d83ba9b7
2d90e8de75273a9c592c16d0de6bf50402dd4068	bdb5fbc32eef4b9c16e3f49e77e26a07f355c912
686b43182886ac68796564de6a413a4945c4dbcb	90e9f027b60e19b77184a25d5ea81b3d4d763766
b6db1442dc992196aae18424226163585473e446	95f6b61dc3c77b4966b30654a7e55080dde06b22
17736c9a40cb97c62ab651533814addee5286466	f50c594695c225434c0a95d2c8824540f84b7de7
bf3932ee6c1232c4750c4664bca12fd8d262925b	dc0f0ef27912369f177a6e38acf6de39a7bba184
ba8cf06caac922c54dde20180debd7a049e998aa	54412e592e3d3fb85aae260be6dc9a490f2276b7
5706fc18f15b6236126de9f355b77c1512a17347	410245f3d89cbfcb36dd9ef83a16cd8e906ffdbd
af7ae264d12e1e0938b339381608da8c9706774a	423239334eb04d15329ca448f0ddd75ac7038477
bcaff51700451bdb60188ea664785b6e4a6dca91	227e9b57f4ed26f2f65ba7df7fed5bb5d099e0c9
f019273e8482a56875ac439d90bd3ae7bc8946d2	32a33d809bca2e098cc53cff03dad9c23e3d575b
b1bd05f427108292ce7761618c5cd940c1dc8f0a	4515b12357789521da43addeedd0f2c4c5fd7fe5
a39caa6b74c8f00f94cfe49bd7429b46805a8474	7c054cae2c3743c6bbb4433c587ce1d42ca728d7
fbdcf85d1313e3cc09b5114183c2ccb7bae6dc19	1132173f65d5bb4e8ef8ddde71e7948500379350
355639ecf50f30bf0e4128bccf172afdb266377b	4e836f9de995494374bc6102ae24cc35ab7ee601
f50cff6079d2c52ca3a7d90724bb1484a1b1bc9a	10bbc54df4acef62e1cb009e6546ff04b1d8f3bf
4732ea7b138f2795f2074af65c5044993c6b28f3	87623a174fbcf6af6e05e167837d07cec51c3b08
de6380fb52761f47471ca76f8ff530fe0c119d38	351d8248021975747030fca407f4d155a70b739e
4ce31054f63cde0910abee382565ff645cc51cf4	697c6a1e50f0796f4719c969d1a4bec46b3dfce1
94bd6beebcab9ffe2d7bceb97da743dd8a92b901	a28217070b3765c338d80079894285d30cf603c9
c711110727ff617afdd49930b887b53e642d9d07	ed72cc249aff053dc16473c45786190d1cc115b2
f4bd72264ae9f659dbd227f7fd37774e50b17ae4	ff64c9ae17e4232a0d47078c4eb504cf70b6bf07
420d910185c56e4ed38d8d94eb40c22761b291f6	0e8c8d6f99ef2f94b3a2ecd419e652425f5dfe52
def885c40d9b73c99a6896b25a0d8a6b56360d67	259b35280d605d57b016c66e700cc603dd9a07bd
0f92ae69b1fb24c086c65a423c105673b19b0fda	a2ec263ed4aec9be108099365e062ffd736df7ab
7f105faa20d85a3b8dc8b2aa6a6a5276290ea029	9efd864dc25434423ae3d6a37b71b504f8051ca8
74310b56592302bff79d0473c57e578ff04ee6cc	5428e98a0284a8eaa1de17d958bfc83cc03cf885
35f8f7d3813bd99dd96dcf725643405cf649de10	ac497e104a3398f559d90a6e06383be449f0c2eb
46c3477ebe7d574e04c01f0fd26cf68cf6b8f223	45bba3bed35ded79f8d19c90aad918e90d375927
7a67996ab7891687025d42405ae6a088fa8f3d80	a76722312316fccfeb27534f311c21f33d1d68e6
65e1d0a35ae978706184845b5c08b18c5bca991e	abeb7b93df95e8c9bf4ef5f16aae464474c76b85
2bb21954dc9f93f26cb736b7115f22bfc306bddf	9758de4f6d3c4fe44d7fc63715437a42fcf5b20e
6edce5ba5df0e1a783f28e2969c1241614ce984f	030f8ee02fe1bf48240909ba466e95eb9b10af1f
e9f8c27510aec49962faec54dc1a40261acc5e1a	e64acc47c010d7d80f4cfdddc9f2d0975090790f
6769d775dde85c4721350b64f993148e9bf73f6a	8a556b703693d77b0f29037f2362c167ec84c29c
fa0cdaae9efc1f391cfd8a36753f0e4747712420	3e3447208711d25229859b8d6a4c5c395e5cb868
57364e1c7f10430b211ec8b6c66c7505b5bb0697	4716700ed96df92bae5528c06540496cc5057e4e
d51c38885bd9c47653353476c2a017e2324fa98f	e86d37f8dd825c0805f6993fd6b9ac22560fea84
d2d45436f7c9a4db9f8cdef9575cdafb05abc3ab	76a8bb431e25270ae45b3e231a02953ec15eba20
1bf8ca636b0c3c01becb7a31e8ad7aeaf4347b0c	7b257944bab22a639c526385598974419f76a70f
a5d13fa2d756730773382c92abb0f5cb28cea9be	fbd4d2d7a6bf05045beaef9dc687c280828b8a85
08d9dd0c0bb74fbef5cff13f50a27ad7cec3968b	4ae3a19fc7da251f82ec82d96a5af03403401335
92cc2d8f2f8ca3bade234b71db321984d22a3983	bbc690836758f1aa1555086f18171255b278073d
c9d36839d768c31187c4da8ff4401ed7663d8e3e	92560cffcb17c7a32af86cf5d44881bd1d80fd79
4eb2d2dac6cc2483509c23c16ef194b95235f597	5ebef5cfdac9af8461d44307f97881eb4685f773
949af4b2562331f8f332e518bd3a660a0124a678	0e6da8a2b8b2da226b5cf079decf8bf747a3116f
2c3a63135b8b5e45bbf0684aa892b6009b191647	bfdd894507650eec23551a50bf2dd51016bec265
790f1dfc75807a4f8f3ca4c77ef3672070e706a8	bd145e03e07fa0917e1056cc970ba58c00f41527
3aeb761a3aceba5720cdd3555a67b245a35af784	6028b993e8fd53d73bef73a0491332770f21c89c
389072edaebba9267b077d7ae4483529451684bc	408b3e25accd2d6491cf7909daa773c70c8135f1
35dd6c40bc285cd0c0d3bddf951cfa1acaa25e7f	35f38640e291058efd7cd6a37e01f24c02142011
a34c6b2116912d92534f4fe3b0b7efb17f9e2c57	367135cc91ab88152e1ea5d90f8f99276ea7a498
7942194006eb4ce9ac0a78fe33ac003f43507ca1	bdb6f6d3ab09ae98af4516536ae68e82a20ce8e2
59d1aa92a56ac46115d83f71a48e885d936643bf	2210b375e97dac90a1e1caa2dc296bdcb0baef7a
86f284a8ec21e35d85614dd3b2bf571231ef7829	4bf95b7024dea0421fd201301697927d6c3b6636
346f825f924d56412cf6aeaec1dd231b67de6a3c	0597a9210fae9ad4eb446cc3217cdb881eb4b545
fc70f24c257e54fae96f6d558077d12838b14582	41b11b6b56753e7e485f0b339413828ab247aec4
86ad05defdf6788825c6b9f9e4c3035f2824e9b5	02fca928f7b8cc4da68110d4ad28f651083c02b9
66fd1e1e69459921ba9dc255c378fa39a482bb45	0a2260411524431f4cc18effee7c6b0990d1c96d
160d36eb59af559f36fb62710d5d7a37bb62b80d	945e153bc10d7630a2cf248aca6cbd3140f29020
a2e1d54dff7f8b7cd7e420de97cf63c92d4a3105	fffba6d46aa0c76807924effa4b2544e8295486b
101acf590340507a46a9cf9b79e5e8b264154de0	0006c9ce6473370d443e1a416b201bc38ef43f21
95f6a5bee8f31adf1eef3347eda6d8f1dcf00f8b	e68e9f1feba4f9156f75e728e255bbdb687e81c1
8d33e5d4ccb55761cf447fd7eaf43b4d6e1147fa	b8854b1e858058e513ba2c26132851e650b51cca
115c4a21fa16f0ba5f295d6bc61870bc2fecbbb8	9cd045961cd3a4039e1ad5743e98f3ad5dc30460
41ed4848b012174ead230b0e95acd5a0e6a867e2	3986898bd5bb9f00e67166f99e55d7e61f4ec062
2f7324a6cd331bd062f94b18be3065b03258473c	841f353d4e5ebf39c640438dc69c7bb991ecfc61
efe3e7bc326d589d3773ccff44f44dbdcb31592d	f00b84dd9fc98acc6e7c80f77459db726ea97202
3a00161f4925b793c63fb3b49fd79fa0420b3375	b5bf83c999ac73552b7f1e651e5e53cf23f0d126
2cdf0eed88bb38f5c5b98fe2eca08657697b98b6	9c43abd538aef7ceecf309e0bd081b59dc789f3b
0577bbd1bc7b8badf7dd626641be46c2fdc836a3	99786daede596f4235d566db88912bffc6fee512
6093b8d99d55127e3357d505146efdb616206370	fd0ff9044ed9eddc6f0bf6a13c7b51a57ce8c776
7dd230810cfbfc6e4566ab47656ad87ccb343c17	07ad35ab196d07b5d2609db4592bff6d6640bea8
7a522c20dbd24300bb5796e2c9b2b09332bcb634	7a78b7abf1f2a6dcacd77dc3f625f950f21b6ae7
94e6d3e43a29c37314616b09c29d78bcb1f2acd3	03a60307025d01848f67ff769c164fe69b8d84d0
ae9bd1210ce4a9be498f186862caaaaef206e3e3	9bda3928f7ab8fa719f25c9afbd9a04abe49f8b5
18158d20257078039b4a2b275bbfb61605dd4bb6	e13075ffb96fd8afb83839984bbd1c1cc88383d7
f9f9acb9d5c7ee254ec5d9c5998bd68626658d57	cecf3859ede8f2e10aea426fad2a27a6cadc5769
7b2bf143024ddd3ee0cb06112509b8391d84334c	692e4510587860ada846304e06012c9ec9359973
543cf1a8a6f15a1c7c44041892b3e0808cab37da	95e0f5dce611a6fd87ab879b2c5d90dc65fbb22d
a000dce973b950961328913a98bc0b4e78a01e2d	363afdee0a49ca2f66942b9ddbd73ed1fcb99390
709245b200e2bd2dfdf90f49505cad5d09293c89	c099f87d2886bafe0ef4f60f28058c215d3c8092
42fa52718527f6bb8da5240f57b9a2f29784d790	a794962ede30ac1aa6a3e2e781009c69ba2d17eb
3f9ec8854155a1604f10f153b06ab55fae04dbf4	fc21deaf29cca5add8ff1434ea00adb7e980e5f0
81f5f60fafa57919d2aa8c44a112d742c85f3964	0c2f1345095883a047d72cda786877e3c05b2318
6e91b6393a852a2dd2a85e24603bb29d9d0f5e23	8b02752378125fd502b722d06256747f85a63b12
e45b0d1ab6140fa9b400f3f09ca33620bfd7ba50	4ba21e7d2a6911e4f242ec517bad89e88f783065
973d274f2cbd21bb47b1bf51a9e375186fdcfde4	7e33c76854dbb5b90251a79ebfbf2f3c3b2f0e8c
219dc9964d1b684f99838ac5b2c48008c093843b	9e8acff1a55029fca79e37b277b8748dec711590
268aae6b1a0dc559b748eedba0053e3e0f1cc620	c3af52a98c47b567c6f1f113d5788b9157bdfad3
